	accuracy	precision	recall	f1
0	0.6875	inf	0.0	inf
1	0.71875	inf	0.0	inf
2	0.671875	inf	0.0	inf
3	0.546875	inf	0.0	inf
4	0.6875	0.0	0.0	nan
5	0.6875	inf	0.0	inf
6	0.625	inf	0.0	inf
7	0.71875	inf	0.0	inf
8	0.78125	inf	0.0	inf
9	0.609375	inf	0.0	inf
10	0.703125	inf	0.0	inf
11	0.6875	inf	0.0	inf
12	0.625	inf	0.0	inf
13	0.71875	inf	0.0	inf
14	0.671875	inf	0.0	inf
15	0.6875	inf	0.0	inf
16	0.6875	inf	0.0	inf
17	0.6875	inf	0.0	inf
18	0.625	inf	0.0	inf
19	0.765625	inf	0.0	inf
20	0.703125	inf	0.0	inf
21	0.75	inf	0.0	inf
22	0.75	inf	0.0	inf
23	0.609375	inf	0.0	inf
24	0.671875	inf	0.0	inf
25	0.703125	inf	0.0	inf
26	0.625	inf	0.0	inf
27	0.703125	inf	0.0	inf
28	0.65625	inf	0.0	inf
29	0.8125	inf	0.0	inf
30	0.71875	inf	0.0	inf
31	0.640625	inf	0.0	inf
32	0.640625	inf	0.0	inf
33	0.71875	inf	0.0	inf
34	0.625	inf	0.0	inf
35	0.703125	inf	0.0	inf
36	0.609375	inf	0.0	inf
37	0.75	inf	0.0	inf
38	0.78125	inf	0.0	inf
39	0.6875	inf	0.0	inf
40	0.625	inf	0.0	inf
41	0.734375	inf	0.0	inf
42	0.625	inf	0.0	inf
43	0.78125	inf	0.0	inf
44	0.625	inf	0.0	inf
45	0.765625	inf	0.0	inf
46	0.703125	inf	0.0	inf
47	0.625	inf	0.0	inf
48	0.65625	inf	0.0	inf
49	0.65625	inf	0.0	inf
