	accuracy	precision	recall	f1
0	0.6875	0.5	0.4	0.44444448
1	0.5	0.2	0.2	0.20000002
2	0.5625	0.0	0.0	nan
3	0.3125	0.25	0.2857143	0.26666668
4	0.6875	0.42857143	0.75	0.5454545
5	0.6875	0.44444445	1.0	0.61538464
6	0.6875	0.375	1.0	0.54545456
7	0.5	0.33333334	0.6	0.42857143
8	0.875	0.6	1.0	0.75
9	0.5625	0.5	0.42857143	0.46153846
10	0.625	0.33333334	0.5	0.4
11	0.5625	0.3	1.0	0.4615385
12	0.5	0.33333334	0.6	0.42857143
13	0.8125	0.75	0.85714287	0.79999995
14	0.6875	0.375	1.0	0.54545456
15	0.5625	0.4	0.8	0.53333336
16	0.375	0.0	0.0	nan
17	0.625	0.5	0.5	0.5
18	0.8125	0.8	0.6666667	0.72727275
19	0.6875	0.2857143	1.0	0.44444448
20	0.625	0.2857143	0.6666667	0.4
21	0.4375	0.16666667	0.2	0.18181819
22	0.75	0.6666667	0.85714287	0.75
23	0.75	0.5	0.75	0.6
24	0.4375	0.2	0.6666667	0.30769232
25	0.5	0.42857143	0.42857143	0.42857143
26	0.6875	0.5	0.8	0.61538464
27	0.375	0.25	0.33333334	0.28571427
28	0.375	0.27272728	0.6	0.37500003
29	0.625	0.5	0.33333334	0.4
30	0.5625	0.5714286	0.5	0.53333336
31	0.5625	0.5	0.5714286	0.53333336
32	0.5625	0.5555556	0.625	0.5882353
33	0.5	0.5	0.75	0.6
34	0.375	0.27272728	0.6	0.37500003
35	0.4375	0.0	0.0	nan
36	0.75	0.75	0.75	0.75
37	0.4375	0.25	0.4	0.30769232
38	0.875	0.85714287	0.85714287	0.85714287
39	0.5	0.33333334	0.33333334	0.33333334
40	0.625	0.5	0.8333333	0.625
41	0.625	0.2857143	0.6666667	0.4
42	0.5625	0.375	0.6	0.46153846
43	0.875	0.875	0.875	0.875
44	0.75	0.5	0.75	0.6
45	0.5	0.5555556	0.5555556	0.5555556
46	0.5625	0.33333334	0.4	0.36363637
47	0.5	0.0	0.0	nan
48	0.5625	0.45454547	0.8333333	0.5882353
49	0.375	0.25	0.33333334	0.28571427
