	accuracy	precision	recall	f1
0	0.296875	0.296875	1.0	0.45783132
1	0.33203125	0.33203125	1.0	0.49853373
2	0.2578125	0.2578125	1.0	0.4099379
3	0.26953125	0.26953125	1.0	0.42461538
4	0.296875	0.296875	1.0	0.45783132
5	0.33984375	0.33984375	1.0	0.50728863
6	0.30078125	0.30078125	1.0	0.46246246
7	0.296875	0.296875	1.0	0.45783132
8	0.2734375	0.2734375	1.0	0.42944786
9	0.37109375	0.37109375	1.0	0.54131055
10	0.28515625	0.28515625	1.0	0.443769
11	0.31640625	0.31640625	1.0	0.48071218
12	0.296875	0.296875	1.0	0.45783132
13	0.32421875	0.32421875	1.0	0.48967552
14	0.2734375	0.2734375	1.0	0.42944786
15	0.33984375	0.33984375	1.0	0.50728863
16	0.29296875	0.29296875	1.0	0.4531722
17	0.34765625	0.34765625	1.0	0.51594204
18	0.3125	0.3125	1.0	0.47619048
19	0.30078125	0.30078125	1.0	0.46246246
20	0.3359375	0.3359375	1.0	0.50292397
21	0.3203125	0.3203125	1.0	0.4852071
22	0.33203125	0.33203125	1.0	0.49853373
23	0.34375	0.34375	1.0	0.5116279
24	0.3203125	0.3203125	1.0	0.4852071
25	0.28515625	0.28515625	1.0	0.443769
26	0.33984375	0.33984375	1.0	0.50728863
27	0.31640625	0.31640625	1.0	0.48071218
28	0.359375	0.359375	1.0	0.52873564
29	0.30078125	0.30078125	1.0	0.46246246
30	0.3359375	0.3359375	1.0	0.50292397
31	0.34375	0.34375	1.0	0.5116279
32	0.37109375	0.37109375	1.0	0.54131055
33	0.3125	0.3125	1.0	0.47619048
34	0.34375	0.34375	1.0	0.5116279
35	0.31640625	0.31640625	1.0	0.48071218
36	0.31640625	0.31640625	1.0	0.48071218
37	0.3046875	0.3046875	1.0	0.46706587
38	0.32421875	0.32421875	1.0	0.48967552
39	0.29296875	0.29296875	1.0	0.4531722
40	0.33203125	0.33203125	1.0	0.49853373
41	0.33984375	0.33984375	1.0	0.50728863
42	0.26171875	0.26171875	1.0	0.4148607
43	0.2890625	0.2890625	1.0	0.44848484
44	0.3671875	0.3671875	1.0	0.5371429
45	0.296875	0.296875	1.0	0.45783132
46	0.3671875	0.3671875	1.0	0.5371429
47	0.32421875	0.32421875	1.0	0.48967552
48	0.31640625	0.31640625	1.0	0.48071218
49	0.30859375	0.30859375	1.0	0.47164178
