	accuracy	precision	recall	f1
0	0.3359375	0.3359375	1.0	0.50292397
1	0.2421875	0.2421875	1.0	0.3899371
2	0.32421875	0.32421875	1.0	0.48967552
3	0.3828125	0.3828125	1.0	0.5536723
4	0.328125	0.328125	1.0	0.49411765
5	0.3515625	0.3515625	1.0	0.5202312
6	0.3203125	0.32156864	0.9879518	0.48520708
7	0.28515625	0.28515625	1.0	0.443769
8	0.2734375	0.2734375	1.0	0.42944786
9	0.3046875	0.3046875	1.0	0.46706587
10	0.31640625	0.31640625	1.0	0.48071218
11	0.27734375	0.27450982	1.0	0.43076926
12	0.328125	0.328125	1.0	0.49411765
13	0.3203125	0.3203125	1.0	0.4852071
14	0.328125	0.328125	1.0	0.49411765
15	0.296875	0.296875	1.0	0.45783132
16	0.3515625	0.3515625	1.0	0.5202312
17	0.29296875	0.29411766	0.9868421	0.4531722
18	0.34765625	0.34765625	1.0	0.51594204
19	0.3203125	0.3203125	1.0	0.4852071
20	0.30859375	0.30859375	1.0	0.47164178
21	0.34375	0.34375	1.0	0.5116279
22	0.3359375	0.3359375	1.0	0.50292397
23	0.29296875	0.29296875	1.0	0.4531722
24	0.30078125	0.30078125	1.0	0.46246246
25	0.33984375	0.33984375	1.0	0.50728863
26	0.2578125	0.2578125	1.0	0.4099379
27	0.28515625	0.28235295	1.0	0.440367
28	0.32421875	0.32421875	1.0	0.48967552
29	0.30859375	0.30859375	1.0	0.47164178
30	0.296875	0.296875	1.0	0.45783132
31	0.33203125	0.33203125	1.0	0.49853373
32	0.3515625	0.3515625	1.0	0.5202312
33	0.29296875	0.29296875	1.0	0.4531722
34	0.3203125	0.3203125	1.0	0.4852071
35	0.36328125	0.36328125	1.0	0.5329513
36	0.34765625	0.34765625	1.0	0.51594204
37	0.40625	0.40625	1.0	0.5777778
38	0.32421875	0.32421875	1.0	0.48967552
39	0.30859375	0.30859375	1.0	0.47164178
40	0.29296875	0.29296875	1.0	0.4531722
41	0.2890625	0.2890625	1.0	0.44848484
42	0.32421875	0.32421875	1.0	0.48967552
43	0.31640625	0.31640625	1.0	0.48071218
44	0.328125	0.3254902	1.0	0.49112427
45	0.3203125	0.3203125	1.0	0.4852071
46	0.25	0.25	1.0	0.4
47	0.234375	0.234375	1.0	0.37974682
48	0.35546875	0.35546875	1.0	0.52449566
49	0.3125	0.3125	1.0	0.47619048
