	accuracy	precision	recall	f1
0	0.328125	0.328125	1.0	0.49411765
1	0.30078125	0.30078125	1.0	0.46246246
2	0.3203125	0.3203125	1.0	0.4852071
3	0.296875	0.296875	1.0	0.45783132
4	0.3203125	0.3203125	1.0	0.4852071
5	0.28515625	0.28515625	1.0	0.443769
6	0.31640625	0.31640625	1.0	0.48071218
7	0.359375	0.359375	1.0	0.52873564
8	0.3359375	0.3359375	1.0	0.50292397
9	0.35546875	0.35546875	1.0	0.52449566
10	0.328125	0.328125	1.0	0.49411765
11	0.3359375	0.3359375	1.0	0.50292397
12	0.32421875	0.32421875	1.0	0.48967552
13	0.328125	0.328125	1.0	0.49411765
14	0.30859375	0.30859375	1.0	0.47164178
15	0.3125	0.3125	1.0	0.47619048
16	0.3359375	0.3359375	1.0	0.50292397
17	0.33984375	0.33984375	1.0	0.50728863
18	0.2890625	0.2890625	1.0	0.44848484
19	0.2890625	0.2890625	1.0	0.44848484
20	0.32421875	0.32421875	1.0	0.48967552
21	0.34765625	0.34765625	1.0	0.51594204
22	0.34765625	0.34765625	1.0	0.51594204
23	0.31640625	0.31640625	1.0	0.48071218
24	0.30859375	0.30859375	1.0	0.47164178
25	0.34375	0.34375	1.0	0.5116279
26	0.296875	0.296875	1.0	0.45783132
27	0.3125	0.3125	1.0	0.47619048
28	0.28515625	0.28515625	1.0	0.443769
29	0.2890625	0.2890625	1.0	0.44848484
30	0.30859375	0.30859375	1.0	0.47164178
31	0.3359375	0.3359375	1.0	0.50292397
32	0.30078125	0.30078125	1.0	0.46246246
33	0.31640625	0.31640625	1.0	0.48071218
34	0.3046875	0.3046875	1.0	0.46706587
35	0.2734375	0.2734375	1.0	0.42944786
36	0.328125	0.328125	1.0	0.49411765
37	0.31640625	0.31640625	1.0	0.48071218
38	0.28515625	0.28515625	1.0	0.443769
39	0.34375	0.34375	1.0	0.5116279
40	0.34375	0.34375	1.0	0.5116279
41	0.27734375	0.27734375	1.0	0.43425077
42	0.3203125	0.3203125	1.0	0.4852071
43	0.265625	0.265625	1.0	0.41975307
44	0.33984375	0.33984375	1.0	0.50728863
45	0.3828125	0.3828125	1.0	0.5536723
46	0.296875	0.296875	1.0	0.45783132
47	0.3046875	0.3046875	1.0	0.46706587
48	0.3125	0.3125	1.0	0.47619048
49	0.31640625	0.31640625	1.0	0.48071218
