	accuracy	precision	recall	f1
0	0.265625	0.26229507	0.8888889	0.40506327
1	0.296875	0.3015873	0.95	0.45783132
2	0.484375	0.48387095	0.9677419	0.6451613
3	0.359375	0.35	0.9130435	0.50602406
4	0.390625	0.38333333	0.92	0.5411765
5	0.3125	0.30645162	0.95	0.4634146
6	0.421875	0.39344263	1.0	0.5647059
7	0.390625	0.38709676	0.96	0.55172414
8	0.34375	0.3275862	0.8636364	0.475
9	0.25	0.23809524	1.0	0.38461536
10	0.34375	0.33333334	0.90909094	0.4878049
11	0.296875	0.29508197	0.9	0.44444445
12	0.3125	0.3015873	1.0	0.46341464
13	0.265625	0.265625	1.0	0.41975307
14	0.265625	0.25396827	1.0	0.40506333
15	0.296875	0.296875	1.0	0.45783132
16	0.359375	0.34920636	1.0	0.5176471
17	0.28125	0.26984128	1.0	0.425
18	0.28125	0.26229507	0.9411765	0.4102564
19	0.3125	0.2881356	0.8947368	0.43589744
20	0.34375	0.34920636	0.95652175	0.5116279
21	0.28125	0.29032257	0.9	0.4390244
22	0.421875	0.4032258	1.0	0.57471263
23	0.375	0.375	1.0	0.54545456
24	0.171875	0.16129032	0.90909094	0.27397257
25	0.265625	0.26229507	0.8888889	0.40506327
26	0.265625	0.265625	1.0	0.41975307
27	0.390625	0.37096775	1.0	0.5411765
28	0.25	0.26229507	0.84210527	0.39999998
29	0.265625	0.2580645	0.9411765	0.4050633
30	0.21875	0.22222222	0.93333334	0.35897437
31	0.375	0.3442623	1.0	0.5121951
32	0.375	0.3548387	1.0	0.5238095
33	0.28125	0.28125	1.0	0.4390244
34	0.265625	0.26229507	0.8888889	0.40506327
35	0.234375	0.234375	1.0	0.37974682
36	0.3125	0.29032257	1.0	0.45
37	0.203125	0.203125	1.0	0.33766234
38	0.390625	0.36666667	0.95652175	0.5301205
39	0.28125	0.23333333	1.0	0.37837836
40	0.34375	0.31666666	0.95	0.47499996
41	0.296875	0.296875	1.0	0.45783132
42	0.34375	0.30508474	0.94736844	0.46153846
43	0.3125	0.26666668	1.0	0.42105266
44	0.359375	0.359375	1.0	0.52873564
45	0.234375	0.22222222	1.0	0.36363637
46	0.28125	0.28125	1.0	0.4390244
47	0.3125	0.29032257	1.0	0.45
48	0.296875	0.296875	1.0	0.45783132
49	0.375	0.36507937	1.0	0.53488374
