	accuracy	precision	recall	f1
0	0.703125	0.5	0.05263158	0.0952381
1	0.6875	inf	0.0	inf
2	0.703125	inf	0.0	inf
3	0.71875	1.0	0.05263158	0.099999994
4	0.84375	1.0	0.09090909	0.16666667
5	0.78125	0.5	0.071428575	0.125
6	0.75	inf	0.0	inf
7	0.515625	1.0	0.03125	0.060606062
8	0.671875	0.5	0.04761905	0.08695652
9	0.640625	inf	0.0	inf
10	0.765625	inf	0.0	inf
11	0.71875	1.0	0.05263158	0.099999994
12	0.71875	1.0	0.05263158	0.099999994
13	0.71875	1.0	0.05263158	0.099999994
14	0.703125	0.0	0.0	nan
15	0.734375	inf	0.0	inf
16	0.671875	inf	0.0	inf
17	0.625	inf	0.0	inf
18	0.78125	inf	0.0	inf
19	0.734375	inf	0.0	inf
20	0.734375	inf	0.0	inf
21	0.578125	inf	0.0	inf
22	0.734375	1.0	0.055555556	0.10526316
23	0.65625	0.5	0.045454547	0.083333336
24	0.703125	1.0	0.05	0.095238104
25	0.671875	inf	0.0	inf
26	0.734375	1.0	0.055555556	0.10526316
27	0.71875	1.0	0.05263158	0.099999994
28	0.75	1.0	0.15789473	0.27272725
29	0.703125	inf	0.0	inf
30	0.734375	0.5	0.11764706	0.1904762
31	0.609375	1.0	0.03846154	0.074074075
32	0.65625	1.0	0.04347826	0.083333336
33	0.703125	inf	0.0	inf
34	0.71875	inf	0.0	inf
35	0.71875	inf	0.0	inf
36	0.53125	0.0	0.0	nan
37	0.75	1.0	0.11111111	0.19999999
38	0.765625	inf	0.0	inf
39	0.6875	0.5	0.05	0.09090909
40	0.734375	1.0	0.055555556	0.10526316
41	0.65625	1.0	0.04347826	0.083333336
42	0.671875	inf	0.0	inf
43	0.640625	0.5	0.04347826	0.080000006
44	0.640625	1.0	0.041666668	0.080000006
45	0.765625	inf	0.0	inf
46	0.796875	1.0	0.071428575	0.13333334
47	0.6875	inf	0.0	inf
48	0.71875	0.0	0.0	nan
49	0.78125	1.0	0.125	0.22222222
