	accuracy	precision	recall	f1
0	0.6484375	inf	0.0	inf
1	0.65625	inf	0.0	inf
2	0.7109375	inf	0.0	inf
3	0.71875	inf	0.0	inf
4	0.6015625	1.0	0.01923077	0.037735853
5	0.765625	1.0	0.032258064	0.0625
6	0.6796875	1.0	0.023809524	0.046511628
7	0.65625	inf	0.0	inf
8	0.6640625	inf	0.0	inf
9	0.625	1.0	0.020408163	0.04
10	0.6640625	inf	0.0	inf
11	0.6875	inf	0.0	inf
12	0.65625	1.0	0.022222223	0.043478258
13	0.6875	inf	0.0	inf
14	0.671875	0.5	0.023809524	0.045454543
15	0.703125	inf	0.0	inf
16	0.71875	inf	0.0	inf
17	0.703125	inf	0.0	inf
18	0.640625	inf	0.0	inf
19	0.65625	inf	0.0	inf
20	0.6015625	0.0	0.0	nan
21	0.6875	inf	0.0	inf
22	0.6875	inf	0.0	inf
23	0.6796875	1.0	0.023809524	0.046511628
24	0.625	0.0	0.0	nan
25	0.703125	inf	0.0	inf
26	0.6640625	inf	0.0	inf
27	0.6953125	1.0	0.025	0.04878049
28	0.6796875	inf	0.0	inf
29	0.7265625	inf	0.0	inf
30	0.6796875	inf	0.0	inf
31	0.71875	inf	0.0	inf
32	0.6796875	inf	0.0	inf
33	0.6953125	0.0	0.0	nan
34	0.6875	inf	0.0	inf
35	0.671875	1.0	0.023255814	0.045454543
36	0.7421875	inf	0.0	inf
37	0.6796875	inf	0.0	inf
38	0.5703125	inf	0.0	inf
39	0.7578125	inf	0.0	inf
40	0.6796875	inf	0.0	inf
41	0.6484375	0.0	0.0	nan
42	0.65625	inf	0.0	inf
43	0.6796875	inf	0.0	inf
44	0.6875	inf	0.0	inf
45	0.65625	1.0	0.022222223	0.043478258
46	0.65625	inf	0.0	inf
47	0.71875	inf	0.0	inf
48	0.65625	inf	0.0	inf
49	0.734375	inf	0.0	inf
